panel	item	group	metric	value	status	source_path	notes
A_evidence_board	FDR_controlled_cluster_DE	yes	status	pass	no	results/submission/pdac_tme_figure4_strengthening_board.tsv	RMTGuard clusters have interpretable marker programs in public PDAC/TME data.
A_evidence_board	external_signature_transfer	yes	status	supported_with_partial_failures	no	results/submission/pdac_tme_figure4_strengthening_board.tsv	Selected ductal and myeloid marker families transfer to an external public PDAC/TME dataset.
A_evidence_board	rank_based_pathway_layer	yes	status	pass	no	results/submission/pdac_tme_figure4_strengthening_board.tsv	The public-data clusters recover pathway-level programs consistent with PDAC/TME biology.
A_evidence_board	published_atlas_marker_overlap	yes	status	pass	no	results/submission/pdac_tme_figure4_strengthening_board.tsv	Cluster identities are consistent with published PDAC atlas marker families.
A_evidence_board	subsampling_stability_context	yes_with_boundary	status	caution_baseline_higher	no	results/submission/pdac_tme_figure4_strengthening_board.tsv	PDAC/TME is a bounded callability-aware use case, not a stability-superiority example.
A_evidence_board	bounded_wording_freeze	yes_after_author_ack	status	pass_if_author_acknowledged	no	results/submission/pdac_tme_figure4_strengthening_board.tsv	Bounded public-data PDAC/TME showcase of RMTGuard callability.
A_evidence_board	spatial_or_protein_validation	not_required	status	missing_not_required_for_methods_showcase	no	results/submission/pdac_tme_figure4_strengthening_board.tsv	Do not claim orthogonal spatial or protein validation.
A_evidence_board	clinical_or_survival_validation	not_required	status	missing_not_required_for_methods_showcase	no	results/submission/pdac_tme_figure4_strengthening_board.tsv	Do not claim prognosis, therapy-response, clinical validation, or patient-level utility.
B_marker_signature_heatmap	pdac_gse154778_C0	B/plasma	mean_marker_score	0.322656	ductal_malignant_context	results/figures/source_data/figure4_pdac_tme_cluster_marker_summary.tsv	Plotted marker signature score.
B_marker_signature_heatmap	pdac_gse154778_C0	CAF/fibroblast	mean_marker_score	0.281128	ductal_malignant_context	results/figures/source_data/figure4_pdac_tme_cluster_marker_summary.tsv	Plotted marker signature score.
B_marker_signature_heatmap	pdac_gse154778_C0	ductal	mean_marker_score	1.55671	ductal_malignant_context	results/figures/source_data/figure4_pdac_tme_cluster_marker_summary.tsv	Plotted marker signature score.
B_marker_signature_heatmap	pdac_gse154778_C0	endothelial	mean_marker_score	0.0256842	ductal_malignant_context	results/figures/source_data/figure4_pdac_tme_cluster_marker_summary.tsv	Plotted marker signature score.
B_marker_signature_heatmap	pdac_gse154778_C0	myeloid	mean_marker_score	0.319798	ductal_malignant_context	results/figures/source_data/figure4_pdac_tme_cluster_marker_summary.tsv	Plotted marker signature score.
B_marker_signature_heatmap	pdac_gse154778_C0	T/NK	mean_marker_score	0.0877903	ductal_malignant_context	results/figures/source_data/figure4_pdac_tme_cluster_marker_summary.tsv	Plotted marker signature score.
B_marker_signature_heatmap	pdac_gse154778_C1	B/plasma	mean_marker_score	0.328662	ductal_malignant_context	results/figures/source_data/figure4_pdac_tme_cluster_marker_summary.tsv	Plotted marker signature score.
B_marker_signature_heatmap	pdac_gse154778_C1	CAF/fibroblast	mean_marker_score	0.489838	ductal_malignant_context	results/figures/source_data/figure4_pdac_tme_cluster_marker_summary.tsv	Plotted marker signature score.
B_marker_signature_heatmap	pdac_gse154778_C1	ductal	mean_marker_score	1.40316	ductal_malignant_context	results/figures/source_data/figure4_pdac_tme_cluster_marker_summary.tsv	Plotted marker signature score.
B_marker_signature_heatmap	pdac_gse154778_C1	endothelial	mean_marker_score	0.0311742	ductal_malignant_context	results/figures/source_data/figure4_pdac_tme_cluster_marker_summary.tsv	Plotted marker signature score.
B_marker_signature_heatmap	pdac_gse154778_C1	myeloid	mean_marker_score	0.371042	ductal_malignant_context	results/figures/source_data/figure4_pdac_tme_cluster_marker_summary.tsv	Plotted marker signature score.
B_marker_signature_heatmap	pdac_gse154778_C1	T/NK	mean_marker_score	0.153249	ductal_malignant_context	results/figures/source_data/figure4_pdac_tme_cluster_marker_summary.tsv	Plotted marker signature score.
B_marker_signature_heatmap	pdac_gse154778_C2	B/plasma	mean_marker_score	0.739392	immune_myeloid	results/figures/source_data/figure4_pdac_tme_cluster_marker_summary.tsv	Plotted marker signature score.
B_marker_signature_heatmap	pdac_gse154778_C2	CAF/fibroblast	mean_marker_score	0.34814	immune_myeloid	results/figures/source_data/figure4_pdac_tme_cluster_marker_summary.tsv	Plotted marker signature score.
B_marker_signature_heatmap	pdac_gse154778_C2	ductal	mean_marker_score	0.641789	immune_myeloid	results/figures/source_data/figure4_pdac_tme_cluster_marker_summary.tsv	Plotted marker signature score.
B_marker_signature_heatmap	pdac_gse154778_C2	endothelial	mean_marker_score	0.0475235	immune_myeloid	results/figures/source_data/figure4_pdac_tme_cluster_marker_summary.tsv	Plotted marker signature score.
B_marker_signature_heatmap	pdac_gse154778_C2	myeloid	mean_marker_score	1.4628	immune_myeloid	results/figures/source_data/figure4_pdac_tme_cluster_marker_summary.tsv	Plotted marker signature score.
B_marker_signature_heatmap	pdac_gse154778_C2	T/NK	mean_marker_score	0.298916	immune_myeloid	results/figures/source_data/figure4_pdac_tme_cluster_marker_summary.tsv	Plotted marker signature score.
B_marker_signature_heatmap	pdac_gse154778_C3	B/plasma	mean_marker_score	0.243356	ductal_malignant_context	results/figures/source_data/figure4_pdac_tme_cluster_marker_summary.tsv	Plotted marker signature score.
B_marker_signature_heatmap	pdac_gse154778_C3	CAF/fibroblast	mean_marker_score	0.117764	ductal_malignant_context	results/figures/source_data/figure4_pdac_tme_cluster_marker_summary.tsv	Plotted marker signature score.
B_marker_signature_heatmap	pdac_gse154778_C3	ductal	mean_marker_score	1.62159	ductal_malignant_context	results/figures/source_data/figure4_pdac_tme_cluster_marker_summary.tsv	Plotted marker signature score.
B_marker_signature_heatmap	pdac_gse154778_C3	endothelial	mean_marker_score	0	ductal_malignant_context	results/figures/source_data/figure4_pdac_tme_cluster_marker_summary.tsv	Plotted marker signature score.
B_marker_signature_heatmap	pdac_gse154778_C3	myeloid	mean_marker_score	0.275311	ductal_malignant_context	results/figures/source_data/figure4_pdac_tme_cluster_marker_summary.tsv	Plotted marker signature score.
B_marker_signature_heatmap	pdac_gse154778_C3	T/NK	mean_marker_score	0.0446206	ductal_malignant_context	results/figures/source_data/figure4_pdac_tme_cluster_marker_summary.tsv	Plotted marker signature score.
B_marker_signature_heatmap	pdac_gse263733_C0	B/plasma	mean_marker_score	0.22479	t_nk	results/figures/source_data/figure4_pdac_tme_cluster_marker_summary.tsv	Plotted marker signature score.
B_marker_signature_heatmap	pdac_gse263733_C0	CAF/fibroblast	mean_marker_score	0.0140773	t_nk	results/figures/source_data/figure4_pdac_tme_cluster_marker_summary.tsv	Plotted marker signature score.
B_marker_signature_heatmap	pdac_gse263733_C0	ductal	mean_marker_score	0.0565479	t_nk	results/figures/source_data/figure4_pdac_tme_cluster_marker_summary.tsv	Plotted marker signature score.
B_marker_signature_heatmap	pdac_gse263733_C0	endothelial	mean_marker_score	0.0245333	t_nk	results/figures/source_data/figure4_pdac_tme_cluster_marker_summary.tsv	Plotted marker signature score.
B_marker_signature_heatmap	pdac_gse263733_C0	myeloid	mean_marker_score	0.561742	t_nk	results/figures/source_data/figure4_pdac_tme_cluster_marker_summary.tsv	Plotted marker signature score.
B_marker_signature_heatmap	pdac_gse263733_C0	T/NK	mean_marker_score	1.93788	t_nk	results/figures/source_data/figure4_pdac_tme_cluster_marker_summary.tsv	Plotted marker signature score.
B_marker_signature_heatmap	pdac_gse263733_C1	B/plasma	mean_marker_score	0.224475	ductal_malignant_context	results/figures/source_data/figure4_pdac_tme_cluster_marker_summary.tsv	Plotted marker signature score.
B_marker_signature_heatmap	pdac_gse263733_C1	CAF/fibroblast	mean_marker_score	0.141206	ductal_malignant_context	results/figures/source_data/figure4_pdac_tme_cluster_marker_summary.tsv	Plotted marker signature score.
B_marker_signature_heatmap	pdac_gse263733_C1	ductal	mean_marker_score	1.92032	ductal_malignant_context	results/figures/source_data/figure4_pdac_tme_cluster_marker_summary.tsv	Plotted marker signature score.
B_marker_signature_heatmap	pdac_gse263733_C1	endothelial	mean_marker_score	0.157591	ductal_malignant_context	results/figures/source_data/figure4_pdac_tme_cluster_marker_summary.tsv	Plotted marker signature score.
B_marker_signature_heatmap	pdac_gse263733_C1	myeloid	mean_marker_score	0.285711	ductal_malignant_context	results/figures/source_data/figure4_pdac_tme_cluster_marker_summary.tsv	Plotted marker signature score.
B_marker_signature_heatmap	pdac_gse263733_C1	T/NK	mean_marker_score	0.0759486	ductal_malignant_context	results/figures/source_data/figure4_pdac_tme_cluster_marker_summary.tsv	Plotted marker signature score.
B_marker_signature_heatmap	pdac_gse263733_C2	B/plasma	mean_marker_score	0.109681	t_nk	results/figures/source_data/figure4_pdac_tme_cluster_marker_summary.tsv	Plotted marker signature score.
B_marker_signature_heatmap	pdac_gse263733_C2	CAF/fibroblast	mean_marker_score	0.0391189	t_nk	results/figures/source_data/figure4_pdac_tme_cluster_marker_summary.tsv	Plotted marker signature score.
B_marker_signature_heatmap	pdac_gse263733_C2	ductal	mean_marker_score	0.0337278	t_nk	results/figures/source_data/figure4_pdac_tme_cluster_marker_summary.tsv	Plotted marker signature score.
B_marker_signature_heatmap	pdac_gse263733_C2	endothelial	mean_marker_score	0.0102968	t_nk	results/figures/source_data/figure4_pdac_tme_cluster_marker_summary.tsv	Plotted marker signature score.
B_marker_signature_heatmap	pdac_gse263733_C2	myeloid	mean_marker_score	0.372157	t_nk	results/figures/source_data/figure4_pdac_tme_cluster_marker_summary.tsv	Plotted marker signature score.
B_marker_signature_heatmap	pdac_gse263733_C2	T/NK	mean_marker_score	1.27786	t_nk	results/figures/source_data/figure4_pdac_tme_cluster_marker_summary.tsv	Plotted marker signature score.
B_marker_signature_heatmap	pdac_gse263733_C3	B/plasma	mean_marker_score	0.522533	immune_myeloid	results/figures/source_data/figure4_pdac_tme_cluster_marker_summary.tsv	Plotted marker signature score.
B_marker_signature_heatmap	pdac_gse263733_C3	CAF/fibroblast	mean_marker_score	0.02815	immune_myeloid	results/figures/source_data/figure4_pdac_tme_cluster_marker_summary.tsv	Plotted marker signature score.
B_marker_signature_heatmap	pdac_gse263733_C3	ductal	mean_marker_score	0.0579904	immune_myeloid	results/figures/source_data/figure4_pdac_tme_cluster_marker_summary.tsv	Plotted marker signature score.
B_marker_signature_heatmap	pdac_gse263733_C3	endothelial	mean_marker_score	0.147755	immune_myeloid	results/figures/source_data/figure4_pdac_tme_cluster_marker_summary.tsv	Plotted marker signature score.
B_marker_signature_heatmap	pdac_gse263733_C3	myeloid	mean_marker_score	1.87896	immune_myeloid	results/figures/source_data/figure4_pdac_tme_cluster_marker_summary.tsv	Plotted marker signature score.
B_marker_signature_heatmap	pdac_gse263733_C3	T/NK	mean_marker_score	0.317911	immune_myeloid	results/figures/source_data/figure4_pdac_tme_cluster_marker_summary.tsv	Plotted marker signature score.
B_marker_signature_heatmap	pdac_gse263733_C4	B/plasma	mean_marker_score	0.372019	ductal_malignant_context	results/figures/source_data/figure4_pdac_tme_cluster_marker_summary.tsv	Plotted marker signature score.
B_marker_signature_heatmap	pdac_gse263733_C4	CAF/fibroblast	mean_marker_score	0.146314	ductal_malignant_context	results/figures/source_data/figure4_pdac_tme_cluster_marker_summary.tsv	Plotted marker signature score.
B_marker_signature_heatmap	pdac_gse263733_C4	ductal	mean_marker_score	2.11321	ductal_malignant_context	results/figures/source_data/figure4_pdac_tme_cluster_marker_summary.tsv	Plotted marker signature score.
B_marker_signature_heatmap	pdac_gse263733_C4	endothelial	mean_marker_score	0.00432804	ductal_malignant_context	results/figures/source_data/figure4_pdac_tme_cluster_marker_summary.tsv	Plotted marker signature score.
B_marker_signature_heatmap	pdac_gse263733_C4	myeloid	mean_marker_score	0.360082	ductal_malignant_context	results/figures/source_data/figure4_pdac_tme_cluster_marker_summary.tsv	Plotted marker signature score.
B_marker_signature_heatmap	pdac_gse263733_C4	T/NK	mean_marker_score	0.00459975	ductal_malignant_context	results/figures/source_data/figure4_pdac_tme_cluster_marker_summary.tsv	Plotted marker signature score.
B_marker_signature_heatmap	pdac_gse263733_C5	B/plasma	mean_marker_score	1.63496	b_plasma	results/figures/source_data/figure4_pdac_tme_cluster_marker_summary.tsv	Plotted marker signature score.
B_marker_signature_heatmap	pdac_gse263733_C5	CAF/fibroblast	mean_marker_score	0.0221715	b_plasma	results/figures/source_data/figure4_pdac_tme_cluster_marker_summary.tsv	Plotted marker signature score.
B_marker_signature_heatmap	pdac_gse263733_C5	ductal	mean_marker_score	0.0457679	b_plasma	results/figures/source_data/figure4_pdac_tme_cluster_marker_summary.tsv	Plotted marker signature score.
B_marker_signature_heatmap	pdac_gse263733_C5	endothelial	mean_marker_score	0.0203514	b_plasma	results/figures/source_data/figure4_pdac_tme_cluster_marker_summary.tsv	Plotted marker signature score.
B_marker_signature_heatmap	pdac_gse263733_C5	myeloid	mean_marker_score	0.296089	b_plasma	results/figures/source_data/figure4_pdac_tme_cluster_marker_summary.tsv	Plotted marker signature score.
B_marker_signature_heatmap	pdac_gse263733_C5	T/NK	mean_marker_score	0.255169	b_plasma	results/figures/source_data/figure4_pdac_tme_cluster_marker_summary.tsv	Plotted marker signature score.
B_marker_signature_heatmap	pdac_gse263733_C6	B/plasma	mean_marker_score	0.276488	t_nk	results/figures/source_data/figure4_pdac_tme_cluster_marker_summary.tsv	Plotted marker signature score.
B_marker_signature_heatmap	pdac_gse263733_C6	CAF/fibroblast	mean_marker_score	0	t_nk	results/figures/source_data/figure4_pdac_tme_cluster_marker_summary.tsv	Plotted marker signature score.
B_marker_signature_heatmap	pdac_gse263733_C6	ductal	mean_marker_score	0	t_nk	results/figures/source_data/figure4_pdac_tme_cluster_marker_summary.tsv	Plotted marker signature score.
B_marker_signature_heatmap	pdac_gse263733_C6	endothelial	mean_marker_score	0	t_nk	results/figures/source_data/figure4_pdac_tme_cluster_marker_summary.tsv	Plotted marker signature score.
B_marker_signature_heatmap	pdac_gse263733_C6	myeloid	mean_marker_score	0.546593	t_nk	results/figures/source_data/figure4_pdac_tme_cluster_marker_summary.tsv	Plotted marker signature score.
B_marker_signature_heatmap	pdac_gse263733_C6	T/NK	mean_marker_score	2.5968	t_nk	results/figures/source_data/figure4_pdac_tme_cluster_marker_summary.tsv	Plotted marker signature score.
C_external_signature_transfer	C0	ductal_malignant_context	validation_public_label_score	2.63404	True	results/pdac_tme/deep_validation/pdac_external_signature_validation.tsv	Ductal cell
C_external_signature_transfer	C1	ductal_malignant_context	validation_public_label_score	0.469404	True	results/pdac_tme/deep_validation/pdac_external_signature_validation.tsv	Ductal cell
C_external_signature_transfer	C2	ductal_malignant_context	validation_public_label_score	2.05577	False	results/pdac_tme/deep_validation/pdac_external_signature_validation.tsv	Fibroblast
C_external_signature_transfer	C3	immune_myeloid	validation_public_label_score	2.00557	True	results/pdac_tme/deep_validation/pdac_external_signature_validation.tsv	Myeloid
C_external_signature_transfer	C4	ductal_malignant_context	validation_public_label_score	1.14261	True	results/pdac_tme/deep_validation/pdac_external_signature_validation.tsv	Ductal cell
C_external_signature_transfer	C7	ductal_malignant_context	validation_public_label_score	0.478142	True	results/pdac_tme/deep_validation/pdac_external_signature_validation.tsv	Ductal cell
D_pathway_layer	HALLMARK_TNFA_SIGNALING_VIA_NFKB	ductal_malignant_context	minus_log10_bh_fdr	3.09263	manuscript_interpretable_candidate	results/figures/source_data/figure4_pdac_tme_pathway_atlas_source.tsv	hallmark
D_pathway_layer	HALLMARK_APOPTOSIS	ductal_malignant_context	minus_log10_bh_fdr	2.88213	manuscript_interpretable_candidate	results/figures/source_data/figure4_pdac_tme_pathway_atlas_source.tsv	hallmark
D_pathway_layer	HALLMARK_EPITHELIAL_MESENCHYMAL_TRANSITION	ductal_malignant_context	minus_log10_bh_fdr	2.83354	manuscript_interpretable_candidate	results/figures/source_data/figure4_pdac_tme_pathway_atlas_source.tsv	hallmark
D_pathway_layer	HALLMARK_P53_PATHWAY	ductal_malignant_context	minus_log10_bh_fdr	2.41039	manuscript_interpretable_candidate	results/figures/source_data/figure4_pdac_tme_pathway_atlas_source.tsv	hallmark
D_pathway_layer	HALLMARK_HYPOXIA	ductal_malignant_context	minus_log10_bh_fdr	2.0679	manuscript_interpretable_candidate	results/figures/source_data/figure4_pdac_tme_pathway_atlas_source.tsv	hallmark
D_pathway_layer	HALLMARK_APICAL_JUNCTION	ductal_malignant_context	minus_log10_bh_fdr	1.59469	manuscript_interpretable_candidate	results/figures/source_data/figure4_pdac_tme_pathway_atlas_source.tsv	hallmark
D_pathway_layer	HALLMARK_ANGIOGENESIS	ductal_malignant_context	minus_log10_bh_fdr	1.35132	manuscript_interpretable_candidate	results/figures/source_data/figure4_pdac_tme_pathway_atlas_source.tsv	hallmark
D_pathway_layer	REACTOME_CELL_JUNCTION_ORGANIZATION	ductal_malignant_context	minus_log10_bh_fdr	4.95838	manuscript_interpretable_candidate	results/figures/source_data/figure4_pdac_tme_pathway_atlas_source.tsv	reactome
D_pathway_layer	REACTOME_EXTRACELLULAR_MATRIX_ORGANIZATION	ductal_malignant_context	minus_log10_bh_fdr	3.20444	manuscript_interpretable_candidate	results/figures/source_data/figure4_pdac_tme_pathway_atlas_source.tsv	reactome
D_pathway_layer	REACTOME_ASSEMBLY_OF_COLLAGEN_FIBRILS_AND_OTHER_MULTIMERIC_STRUCTURES	ductal_malignant_context	minus_log10_bh_fdr	2.70444	manuscript_interpretable_candidate	results/figures/source_data/figure4_pdac_tme_pathway_atlas_source.tsv	reactome
D_pathway_layer	REACTOME_APOPTOSIS	ductal_malignant_context	minus_log10_bh_fdr	2.5345	manuscript_interpretable_candidate	results/figures/source_data/figure4_pdac_tme_pathway_atlas_source.tsv	reactome
D_pathway_layer	REACTOME_TIGHT_JUNCTION_INTERACTIONS	ductal_malignant_context	minus_log10_bh_fdr	2.52552	manuscript_interpretable_candidate	results/figures/source_data/figure4_pdac_tme_pathway_atlas_source.tsv	reactome
D_pathway_layer	REACTOME_NON_INTEGRIN_MEMBRANE_ECM_INTERACTIONS	ductal_malignant_context	minus_log10_bh_fdr	2.4709	manuscript_interpretable_candidate	results/figures/source_data/figure4_pdac_tme_pathway_atlas_source.tsv	reactome
D_pathway_layer	REACTOME_INTEGRIN_CELL_SURFACE_INTERACTIONS	ductal_malignant_context	minus_log10_bh_fdr	2.33395	manuscript_interpretable_candidate	results/figures/source_data/figure4_pdac_tme_pathway_atlas_source.tsv	reactome
D_pathway_layer	REACTOME_DEGRADATION_OF_THE_EXTRACELLULAR_MATRIX	ductal_malignant_context	minus_log10_bh_fdr	2.18601	manuscript_interpretable_candidate	results/figures/source_data/figure4_pdac_tme_pathway_atlas_source.tsv	reactome
D_pathway_layer	REACTOME_CELL_CELL_JUNCTION_ORGANIZATION	ductal_malignant_context	minus_log10_bh_fdr	2.14709	manuscript_interpretable_candidate	results/figures/source_data/figure4_pdac_tme_pathway_atlas_source.tsv	reactome
D_pathway_layer	REACTOME_COLLAGEN_FORMATION	ductal_malignant_context	minus_log10_bh_fdr	1.97401	manuscript_interpretable_candidate	results/figures/source_data/figure4_pdac_tme_pathway_atlas_source.tsv	reactome
D_pathway_layer	REACTOME_STABILIZATION_OF_P53	ductal_malignant_context	minus_log10_bh_fdr	2.71184	manuscript_interpretable_candidate	results/figures/source_data/figure4_pdac_tme_pathway_atlas_source.tsv	reactome
D_pathway_layer	REACTOME_REGULATION_OF_APOPTOSIS	ductal_malignant_context	minus_log10_bh_fdr	2.68314	manuscript_interpretable_candidate	results/figures/source_data/figure4_pdac_tme_pathway_atlas_source.tsv	reactome
D_pathway_layer	REACTOME_APOPTOSIS	ductal_malignant_context	minus_log10_bh_fdr	2.14613	manuscript_interpretable_candidate	results/figures/source_data/figure4_pdac_tme_pathway_atlas_source.tsv	reactome
D_pathway_layer	REACTOME_CELLULAR_RESPONSE_TO_HYPOXIA	ductal_malignant_context	minus_log10_bh_fdr	2.14501	manuscript_interpretable_candidate	results/figures/source_data/figure4_pdac_tme_pathway_atlas_source.tsv	reactome
D_pathway_layer	REACTOME_CROSS_PRESENTATION_OF_SOLUBLE_EXOGENOUS_ANTIGENS_ENDOSOMES	ductal_malignant_context	minus_log10_bh_fdr	2.02744	manuscript_interpretable_candidate	results/figures/source_data/figure4_pdac_tme_pathway_atlas_source.tsv	reactome
D_pathway_layer	REACTOME_DOWNSTREAM_TCR_SIGNALING	ductal_malignant_context	minus_log10_bh_fdr	1.66404	manuscript_interpretable_candidate	results/figures/source_data/figure4_pdac_tme_pathway_atlas_source.tsv	reactome
D_pathway_layer	REACTOME_TCR_SIGNALING	ductal_malignant_context	minus_log10_bh_fdr	1.59793	manuscript_interpretable_candidate	results/figures/source_data/figure4_pdac_tme_pathway_atlas_source.tsv	reactome
D_pathway_layer	REACTOME_ANTIGEN_PROCESSING_CROSS_PRESENTATION	ductal_malignant_context	minus_log10_bh_fdr	1.49201	manuscript_interpretable_candidate	results/figures/source_data/figure4_pdac_tme_pathway_atlas_source.tsv	reactome
D_pathway_layer	HALLMARK_EPITHELIAL_MESENCHYMAL_TRANSITION	ductal_malignant_context	minus_log10_bh_fdr	25.2075	manuscript_interpretable_candidate	results/figures/source_data/figure4_pdac_tme_pathway_atlas_source.tsv	hallmark
D_pathway_layer	HALLMARK_APOPTOSIS	ductal_malignant_context	minus_log10_bh_fdr	6.78047	manuscript_interpretable_candidate	results/figures/source_data/figure4_pdac_tme_pathway_atlas_source.tsv	hallmark
D_pathway_layer	HALLMARK_ANGIOGENESIS	ductal_malignant_context	minus_log10_bh_fdr	4.26478	manuscript_interpretable_candidate	results/figures/source_data/figure4_pdac_tme_pathway_atlas_source.tsv	hallmark
D_pathway_layer	HALLMARK_APICAL_JUNCTION	ductal_malignant_context	minus_log10_bh_fdr	4.21389	manuscript_interpretable_candidate	results/figures/source_data/figure4_pdac_tme_pathway_atlas_source.tsv	hallmark
D_pathway_layer	HALLMARK_HYPOXIA	ductal_malignant_context	minus_log10_bh_fdr	3.88471	manuscript_interpretable_candidate	results/figures/source_data/figure4_pdac_tme_pathway_atlas_source.tsv	hallmark
D_pathway_layer	HALLMARK_INTERFERON_GAMMA_RESPONSE	ductal_malignant_context	minus_log10_bh_fdr	3.7347	manuscript_interpretable_candidate	results/figures/source_data/figure4_pdac_tme_pathway_atlas_source.tsv	hallmark
D_pathway_layer	HALLMARK_P53_PATHWAY	ductal_malignant_context	minus_log10_bh_fdr	3.44387	manuscript_interpretable_candidate	results/figures/source_data/figure4_pdac_tme_pathway_atlas_source.tsv	hallmark
D_pathway_layer	HALLMARK_TNFA_SIGNALING_VIA_NFKB	ductal_malignant_context	minus_log10_bh_fdr	2.77564	manuscript_interpretable_candidate	results/figures/source_data/figure4_pdac_tme_pathway_atlas_source.tsv	hallmark
D_pathway_layer	HALLMARK_INTERFERON_ALPHA_RESPONSE	ductal_malignant_context	minus_log10_bh_fdr	2.37738	manuscript_interpretable_candidate	results/figures/source_data/figure4_pdac_tme_pathway_atlas_source.tsv	hallmark
D_pathway_layer	REACTOME_EXTRACELLULAR_MATRIX_ORGANIZATION	ductal_malignant_context	minus_log10_bh_fdr	12.5203	manuscript_interpretable_candidate	results/figures/source_data/figure4_pdac_tme_pathway_atlas_source.tsv	reactome
D_pathway_layer	REACTOME_CYTOKINE_SIGNALING_IN_IMMUNE_SYSTEM	ductal_malignant_context	minus_log10_bh_fdr	6.82148	manuscript_interpretable_candidate	results/figures/source_data/figure4_pdac_tme_pathway_atlas_source.tsv	reactome
D_pathway_layer	REACTOME_TP53_REGULATES_METABOLIC_GENES	ductal_malignant_context	minus_log10_bh_fdr	6.78842	manuscript_interpretable_candidate	results/figures/source_data/figure4_pdac_tme_pathway_atlas_source.tsv	reactome
D_pathway_layer	REACTOME_INTERFERON_SIGNALING	ductal_malignant_context	minus_log10_bh_fdr	5.7243	manuscript_interpretable_candidate	results/figures/source_data/figure4_pdac_tme_pathway_atlas_source.tsv	reactome
D_pathway_layer	REACTOME_COLLAGEN_DEGRADATION	ductal_malignant_context	minus_log10_bh_fdr	5.65022	manuscript_interpretable_candidate	results/figures/source_data/figure4_pdac_tme_pathway_atlas_source.tsv	reactome
D_pathway_layer	REACTOME_TRANSCRIPTIONAL_REGULATION_BY_TP53	ductal_malignant_context	minus_log10_bh_fdr	5.44041	manuscript_interpretable_candidate	results/figures/source_data/figure4_pdac_tme_pathway_atlas_source.tsv	reactome
D_pathway_layer	REACTOME_COLLAGEN_BIOSYNTHESIS_AND_MODIFYING_ENZYMES	ductal_malignant_context	minus_log10_bh_fdr	5.14651	manuscript_interpretable_candidate	results/figures/source_data/figure4_pdac_tme_pathway_atlas_source.tsv	reactome
D_pathway_layer	REACTOME_COLLAGEN_FORMATION	ductal_malignant_context	minus_log10_bh_fdr	5.07061	manuscript_interpretable_candidate	results/figures/source_data/figure4_pdac_tme_pathway_atlas_source.tsv	reactome
D_pathway_layer	REACTOME_DEGRADATION_OF_THE_EXTRACELLULAR_MATRIX	ductal_malignant_context	minus_log10_bh_fdr	5.02831	manuscript_interpretable_candidate	results/figures/source_data/figure4_pdac_tme_pathway_atlas_source.tsv	reactome
D_pathway_layer	REACTOME_ANTIGEN_PROCESSING_CROSS_PRESENTATION	ductal_malignant_context	minus_log10_bh_fdr	5.02245	manuscript_interpretable_candidate	results/figures/source_data/figure4_pdac_tme_pathway_atlas_source.tsv	reactome
D_pathway_layer	REACTOME_NON_INTEGRIN_MEMBRANE_ECM_INTERACTIONS	ductal_malignant_context	minus_log10_bh_fdr	4.57304	manuscript_interpretable_candidate	results/figures/source_data/figure4_pdac_tme_pathway_atlas_source.tsv	reactome
D_pathway_layer	REACTOME_INTEGRIN_CELL_SURFACE_INTERACTIONS	ductal_malignant_context	minus_log10_bh_fdr	4.55145	manuscript_interpretable_candidate	results/figures/source_data/figure4_pdac_tme_pathway_atlas_source.tsv	reactome
D_pathway_layer	REACTOME_ASSEMBLY_OF_COLLAGEN_FIBRILS_AND_OTHER_MULTIMERIC_STRUCTURES	ductal_malignant_context	minus_log10_bh_fdr	4.16603	manuscript_interpretable_candidate	results/figures/source_data/figure4_pdac_tme_pathway_atlas_source.tsv	reactome
D_pathway_layer	REACTOME_COLLAGEN_CHAIN_TRIMERIZATION	ductal_malignant_context	minus_log10_bh_fdr	4.0828	manuscript_interpretable_candidate	results/figures/source_data/figure4_pdac_tme_pathway_atlas_source.tsv	reactome
D_pathway_layer	REACTOME_CLASS_I_MHC_MEDIATED_ANTIGEN_PROCESSING_PRESENTATION	ductal_malignant_context	minus_log10_bh_fdr	3.37283	manuscript_interpretable_candidate	results/figures/source_data/figure4_pdac_tme_pathway_atlas_source.tsv	reactome
D_pathway_layer	REACTOME_INTERFERON_ALPHA_BETA_SIGNALING	ductal_malignant_context	minus_log10_bh_fdr	3.02595	manuscript_interpretable_candidate	results/figures/source_data/figure4_pdac_tme_pathway_atlas_source.tsv	reactome
D_pathway_layer	REACTOME_APOPTOSIS	ductal_malignant_context	minus_log10_bh_fdr	2.82112	manuscript_interpretable_candidate	results/figures/source_data/figure4_pdac_tme_pathway_atlas_source.tsv	reactome
D_pathway_layer	REACTOME_DDX58_IFIH1_MEDIATED_INDUCTION_OF_INTERFERON_ALPHA_BETA	ductal_malignant_context	minus_log10_bh_fdr	2.57051	manuscript_interpretable_candidate	results/figures/source_data/figure4_pdac_tme_pathway_atlas_source.tsv	reactome
D_pathway_layer	REACTOME_REGULATION_OF_APOPTOSIS	ductal_malignant_context	minus_log10_bh_fdr	2.41756	manuscript_interpretable_candidate	results/figures/source_data/figure4_pdac_tme_pathway_atlas_source.tsv	reactome
D_pathway_layer	REACTOME_STABILIZATION_OF_P53	ductal_malignant_context	minus_log10_bh_fdr	2.41756	manuscript_interpretable_candidate	results/figures/source_data/figure4_pdac_tme_pathway_atlas_source.tsv	reactome
D_pathway_layer	REACTOME_DOWNSTREAM_TCR_SIGNALING	ductal_malignant_context	minus_log10_bh_fdr	2.19804	manuscript_interpretable_candidate	results/figures/source_data/figure4_pdac_tme_pathway_atlas_source.tsv	reactome
D_pathway_layer	REACTOME_CELLULAR_RESPONSE_TO_HYPOXIA	ductal_malignant_context	minus_log10_bh_fdr	2.13437	manuscript_interpretable_candidate	results/figures/source_data/figure4_pdac_tme_pathway_atlas_source.tsv	reactome
D_pathway_layer	REACTOME_TCR_SIGNALING	ductal_malignant_context	minus_log10_bh_fdr	1.92112	manuscript_interpretable_candidate	results/figures/source_data/figure4_pdac_tme_pathway_atlas_source.tsv	reactome
D_pathway_layer	REACTOME_ANTIGEN_PRESENTATION_FOLDING_ASSEMBLY_AND_PEPTIDE_LOADING_OF_CLASS_I_MHC	ductal_malignant_context	minus_log10_bh_fdr	1.50368	manuscript_interpretable_candidate	results/figures/source_data/figure4_pdac_tme_pathway_atlas_source.tsv	reactome
D_pathway_layer	REACTOME_MHC_CLASS_II_ANTIGEN_PRESENTATION	ductal_malignant_context	minus_log10_bh_fdr	1.47404	manuscript_interpretable_candidate	results/figures/source_data/figure4_pdac_tme_pathway_atlas_source.tsv	reactome
D_pathway_layer	REACTOME_CROSS_PRESENTATION_OF_SOLUBLE_EXOGENOUS_ANTIGENS_ENDOSOMES	ductal_malignant_context	minus_log10_bh_fdr	1.4097	manuscript_interpretable_candidate	results/figures/source_data/figure4_pdac_tme_pathway_atlas_source.tsv	reactome
D_pathway_layer	REACTOME_CROSSLINKING_OF_COLLAGEN_FIBRILS	ductal_malignant_context	minus_log10_bh_fdr	1.39561	manuscript_interpretable_candidate	results/figures/source_data/figure4_pdac_tme_pathway_atlas_source.tsv	reactome
D_pathway_layer	REACTOME_ANTIGEN_PROCESSING_UBIQUITINATION_PROTEASOME_DEGRADATION	ductal_malignant_context	minus_log10_bh_fdr	1.32347	manuscript_interpretable_candidate	results/figures/source_data/figure4_pdac_tme_pathway_atlas_source.tsv	reactome
D_pathway_layer	HALLMARK_TNFA_SIGNALING_VIA_NFKB	immune_myeloid	minus_log10_bh_fdr	14.4503	manuscript_interpretable_candidate	results/figures/source_data/figure4_pdac_tme_pathway_atlas_source.tsv	hallmark
D_pathway_layer	HALLMARK_HYPOXIA	immune_myeloid	minus_log10_bh_fdr	5.75194	manuscript_interpretable_candidate	results/figures/source_data/figure4_pdac_tme_pathway_atlas_source.tsv	hallmark
D_pathway_layer	HALLMARK_INFLAMMATORY_RESPONSE	immune_myeloid	minus_log10_bh_fdr	4.81514	manuscript_interpretable_candidate	results/figures/source_data/figure4_pdac_tme_pathway_atlas_source.tsv	hallmark
D_pathway_layer	HALLMARK_APOPTOSIS	immune_myeloid	minus_log10_bh_fdr	4.61549	manuscript_interpretable_candidate	results/figures/source_data/figure4_pdac_tme_pathway_atlas_source.tsv	hallmark
D_pathway_layer	HALLMARK_EPITHELIAL_MESENCHYMAL_TRANSITION	immune_myeloid	minus_log10_bh_fdr	3.62994	manuscript_interpretable_candidate	results/figures/source_data/figure4_pdac_tme_pathway_atlas_source.tsv	hallmark
D_pathway_layer	HALLMARK_INTERFERON_GAMMA_RESPONSE	immune_myeloid	minus_log10_bh_fdr	3.43916	manuscript_interpretable_candidate	results/figures/source_data/figure4_pdac_tme_pathway_atlas_source.tsv	hallmark
D_pathway_layer	HALLMARK_P53_PATHWAY	immune_myeloid	minus_log10_bh_fdr	3.19877	manuscript_interpretable_candidate	results/figures/source_data/figure4_pdac_tme_pathway_atlas_source.tsv	hallmark
D_pathway_layer	HALLMARK_APICAL_JUNCTION	immune_myeloid	minus_log10_bh_fdr	3.09535	manuscript_interpretable_candidate	results/figures/source_data/figure4_pdac_tme_pathway_atlas_source.tsv	hallmark
D_pathway_layer	REACTOME_CYTOKINE_SIGNALING_IN_IMMUNE_SYSTEM	immune_myeloid	minus_log10_bh_fdr	9.80347	manuscript_interpretable_candidate	results/figures/source_data/figure4_pdac_tme_pathway_atlas_source.tsv	reactome
D_pathway_layer	REACTOME_MHC_CLASS_II_ANTIGEN_PRESENTATION	immune_myeloid	minus_log10_bh_fdr	9.43898	manuscript_interpretable_candidate	results/figures/source_data/figure4_pdac_tme_pathway_atlas_source.tsv	reactome
D_pathway_layer	REACTOME_ANTIGEN_PROCESSING_CROSS_PRESENTATION	immune_myeloid	minus_log10_bh_fdr	7.36812	manuscript_interpretable_candidate	results/figures/source_data/figure4_pdac_tme_pathway_atlas_source.tsv	reactome
D_pathway_layer	REACTOME_CLASS_I_MHC_MEDIATED_ANTIGEN_PROCESSING_PRESENTATION	immune_myeloid	minus_log10_bh_fdr	3.48099	manuscript_interpretable_candidate	results/figures/source_data/figure4_pdac_tme_pathway_atlas_source.tsv	reactome
D_pathway_layer	REACTOME_DOWNSTREAM_TCR_SIGNALING	immune_myeloid	minus_log10_bh_fdr	3.472	manuscript_interpretable_candidate	results/figures/source_data/figure4_pdac_tme_pathway_atlas_source.tsv	reactome
D_pathway_layer	REACTOME_INTERFERON_SIGNALING	immune_myeloid	minus_log10_bh_fdr	3.43918	manuscript_interpretable_candidate	results/figures/source_data/figure4_pdac_tme_pathway_atlas_source.tsv	reactome
D_pathway_layer	REACTOME_TRANSCRIPTIONAL_REGULATION_BY_TP53	immune_myeloid	minus_log10_bh_fdr	3.42297	manuscript_interpretable_candidate	results/figures/source_data/figure4_pdac_tme_pathway_atlas_source.tsv	reactome
D_pathway_layer	REACTOME_TCR_SIGNALING	immune_myeloid	minus_log10_bh_fdr	3.23193	manuscript_interpretable_candidate	results/figures/source_data/figure4_pdac_tme_pathway_atlas_source.tsv	reactome
D_pathway_layer	REACTOME_INTERFERON_GAMMA_SIGNALING	immune_myeloid	minus_log10_bh_fdr	2.90074	manuscript_interpretable_candidate	results/figures/source_data/figure4_pdac_tme_pathway_atlas_source.tsv	reactome
D_pathway_layer	REACTOME_ANTIGEN_PRESENTATION_FOLDING_ASSEMBLY_AND_PEPTIDE_LOADING_OF_CLASS_I_MHC	immune_myeloid	minus_log10_bh_fdr	2.767	manuscript_interpretable_candidate	results/figures/source_data/figure4_pdac_tme_pathway_atlas_source.tsv	reactome
D_pathway_layer	REACTOME_TP53_REGULATES_METABOLIC_GENES	immune_myeloid	minus_log10_bh_fdr	2.12263	manuscript_interpretable_candidate	results/figures/source_data/figure4_pdac_tme_pathway_atlas_source.tsv	reactome
D_pathway_layer	REACTOME_APOPTOSIS	immune_myeloid	minus_log10_bh_fdr	1.9744	manuscript_interpretable_candidate	results/figures/source_data/figure4_pdac_tme_pathway_atlas_source.tsv	reactome
D_pathway_layer	REACTOME_DEGRADATION_OF_THE_EXTRACELLULAR_MATRIX	immune_myeloid	minus_log10_bh_fdr	1.91527	manuscript_interpretable_candidate	results/figures/source_data/figure4_pdac_tme_pathway_atlas_source.tsv	reactome
D_pathway_layer	REACTOME_INTERFERON_ALPHA_BETA_SIGNALING	immune_myeloid	minus_log10_bh_fdr	1.59811	manuscript_interpretable_candidate	results/figures/source_data/figure4_pdac_tme_pathway_atlas_source.tsv	reactome
D_pathway_layer	REACTOME_DDX58_IFIH1_MEDIATED_INDUCTION_OF_INTERFERON_ALPHA_BETA	immune_myeloid	minus_log10_bh_fdr	1.54771	manuscript_interpretable_candidate	results/figures/source_data/figure4_pdac_tme_pathway_atlas_source.tsv	reactome
D_pathway_layer	REACTOME_TP53_REGULATES_TRANSCRIPTION_OF_CELL_CYCLE_GENES	immune_myeloid	minus_log10_bh_fdr	1.53104	manuscript_interpretable_candidate	results/figures/source_data/figure4_pdac_tme_pathway_atlas_source.tsv	reactome
D_pathway_layer	REACTOME_ANTI_INFLAMMATORY_RESPONSE_FAVOURING_LEISHMANIA_PARASITE_INFECTION	immune_myeloid	minus_log10_bh_fdr	1.44605	manuscript_interpretable_candidate	results/figures/source_data/figure4_pdac_tme_pathway_atlas_source.tsv	reactome
D_pathway_layer	REACTOME_CELLULAR_RESPONSE_TO_HYPOXIA	immune_myeloid	minus_log10_bh_fdr	1.40104	manuscript_interpretable_candidate	results/figures/source_data/figure4_pdac_tme_pathway_atlas_source.tsv	reactome
D_pathway_layer	HALLMARK_APOPTOSIS	ductal_malignant_context	minus_log10_bh_fdr	2.67856	manuscript_interpretable_candidate	results/figures/source_data/figure4_pdac_tme_pathway_atlas_source.tsv	hallmark
D_pathway_layer	HALLMARK_HYPOXIA	ductal_malignant_context	minus_log10_bh_fdr	2.27963	manuscript_interpretable_candidate	results/figures/source_data/figure4_pdac_tme_pathway_atlas_source.tsv	hallmark
D_pathway_layer	HALLMARK_APICAL_JUNCTION	ductal_malignant_context	minus_log10_bh_fdr	2.03921	manuscript_interpretable_candidate	results/figures/source_data/figure4_pdac_tme_pathway_atlas_source.tsv	hallmark
D_pathway_layer	HALLMARK_P53_PATHWAY	ductal_malignant_context	minus_log10_bh_fdr	1.57896	manuscript_interpretable_candidate	results/figures/source_data/figure4_pdac_tme_pathway_atlas_source.tsv	hallmark
D_pathway_layer	REACTOME_ASSEMBLY_OF_COLLAGEN_FIBRILS_AND_OTHER_MULTIMERIC_STRUCTURES	ductal_malignant_context	minus_log10_bh_fdr	3.10356	manuscript_interpretable_candidate	results/figures/source_data/figure4_pdac_tme_pathway_atlas_source.tsv	reactome
D_pathway_layer	REACTOME_EXTRACELLULAR_MATRIX_ORGANIZATION	ductal_malignant_context	minus_log10_bh_fdr	2.70516	manuscript_interpretable_candidate	results/figures/source_data/figure4_pdac_tme_pathway_atlas_source.tsv	reactome
D_pathway_layer	REACTOME_CELL_JUNCTION_ORGANIZATION	ductal_malignant_context	minus_log10_bh_fdr	2.31256	manuscript_interpretable_candidate	results/figures/source_data/figure4_pdac_tme_pathway_atlas_source.tsv	reactome
D_pathway_layer	REACTOME_COLLAGEN_FORMATION	ductal_malignant_context	minus_log10_bh_fdr	2.25943	manuscript_interpretable_candidate	results/figures/source_data/figure4_pdac_tme_pathway_atlas_source.tsv	reactome
D_pathway_layer	REACTOME_TP53_REGULATES_METABOLIC_GENES	ductal_malignant_context	minus_log10_bh_fdr	1.68258	manuscript_interpretable_candidate	results/figures/source_data/figure4_pdac_tme_pathway_atlas_source.tsv	reactome
D_pathway_layer	REACTOME_DEGRADATION_OF_THE_EXTRACELLULAR_MATRIX	ductal_malignant_context	minus_log10_bh_fdr	1.46501	manuscript_interpretable_candidate	results/figures/source_data/figure4_pdac_tme_pathway_atlas_source.tsv	reactome
D_pathway_layer	HALLMARK_HYPOXIA	ductal_malignant_context	minus_log10_bh_fdr	1.51157	manuscript_interpretable_candidate	results/figures/source_data/figure4_pdac_tme_pathway_atlas_source.tsv	hallmark
D_pathway_layer	HALLMARK_INTERFERON_GAMMA_RESPONSE	ductal_malignant_context	minus_log10_bh_fdr	1.30176	manuscript_interpretable_candidate	results/figures/source_data/figure4_pdac_tme_pathway_atlas_source.tsv	hallmark
D_pathway_layer	REACTOME_TCR_SIGNALING	ductal_malignant_context	minus_log10_bh_fdr	2.7944	manuscript_interpretable_candidate	results/figures/source_data/figure4_pdac_tme_pathway_atlas_source.tsv	reactome
D_pathway_layer	REACTOME_DOWNSTREAM_TCR_SIGNALING	ductal_malignant_context	minus_log10_bh_fdr	2.79071	manuscript_interpretable_candidate	results/figures/source_data/figure4_pdac_tme_pathway_atlas_source.tsv	reactome
D_pathway_layer	REACTOME_CYTOKINE_SIGNALING_IN_IMMUNE_SYSTEM	ductal_malignant_context	minus_log10_bh_fdr	2.48362	manuscript_interpretable_candidate	results/figures/source_data/figure4_pdac_tme_pathway_atlas_source.tsv	reactome
D_pathway_layer	REACTOME_INTERFERON_SIGNALING	ductal_malignant_context	minus_log10_bh_fdr	2.01421	manuscript_interpretable_candidate	results/figures/source_data/figure4_pdac_tme_pathway_atlas_source.tsv	reactome
D_pathway_layer	REACTOME_MHC_CLASS_II_ANTIGEN_PRESENTATION	ductal_malignant_context	minus_log10_bh_fdr	1.86902	manuscript_interpretable_candidate	results/figures/source_data/figure4_pdac_tme_pathway_atlas_source.tsv	reactome
D_pathway_layer	REACTOME_APOPTOSIS	ductal_malignant_context	minus_log10_bh_fdr	1.79647	manuscript_interpretable_candidate	results/figures/source_data/figure4_pdac_tme_pathway_atlas_source.tsv	reactome
D_pathway_layer	REACTOME_STABILIZATION_OF_P53	ductal_malignant_context	minus_log10_bh_fdr	1.7149	manuscript_interpretable_candidate	results/figures/source_data/figure4_pdac_tme_pathway_atlas_source.tsv	reactome
D_pathway_layer	REACTOME_REGULATION_OF_APOPTOSIS	ductal_malignant_context	minus_log10_bh_fdr	1.62972	manuscript_interpretable_candidate	results/figures/source_data/figure4_pdac_tme_pathway_atlas_source.tsv	reactome
D_pathway_layer	REACTOME_ANTIGEN_PROCESSING_CROSS_PRESENTATION	ductal_malignant_context	minus_log10_bh_fdr	1.59811	manuscript_interpretable_candidate	results/figures/source_data/figure4_pdac_tme_pathway_atlas_source.tsv	reactome
D_pathway_layer	REACTOME_DDX58_IFIH1_MEDIATED_INDUCTION_OF_INTERFERON_ALPHA_BETA	ductal_malignant_context	minus_log10_bh_fdr	1.52908	manuscript_interpretable_candidate	results/figures/source_data/figure4_pdac_tme_pathway_atlas_source.tsv	reactome
D_pathway_layer	HALLMARK_INTERFERON_GAMMA_RESPONSE	t_nk	minus_log10_bh_fdr	10.8078	manuscript_interpretable_candidate	results/figures/source_data/figure4_pdac_tme_pathway_atlas_source.tsv	hallmark
D_pathway_layer	HALLMARK_TNFA_SIGNALING_VIA_NFKB	t_nk	minus_log10_bh_fdr	8.20746	manuscript_interpretable_candidate	results/figures/source_data/figure4_pdac_tme_pathway_atlas_source.tsv	hallmark
D_pathway_layer	HALLMARK_INFLAMMATORY_RESPONSE	t_nk	minus_log10_bh_fdr	6.40674	manuscript_interpretable_candidate	results/figures/source_data/figure4_pdac_tme_pathway_atlas_source.tsv	hallmark
D_pathway_layer	HALLMARK_APOPTOSIS	t_nk	minus_log10_bh_fdr	6.31186	manuscript_interpretable_candidate	results/figures/source_data/figure4_pdac_tme_pathway_atlas_source.tsv	hallmark
D_pathway_layer	HALLMARK_HYPOXIA	t_nk	minus_log10_bh_fdr	6.05621	manuscript_interpretable_candidate	results/figures/source_data/figure4_pdac_tme_pathway_atlas_source.tsv	hallmark
D_pathway_layer	HALLMARK_P53_PATHWAY	t_nk	minus_log10_bh_fdr	5.70112	manuscript_interpretable_candidate	results/figures/source_data/figure4_pdac_tme_pathway_atlas_source.tsv	hallmark
D_pathway_layer	HALLMARK_INTERFERON_ALPHA_RESPONSE	t_nk	minus_log10_bh_fdr	4.3999	manuscript_interpretable_candidate	results/figures/source_data/figure4_pdac_tme_pathway_atlas_source.tsv	hallmark
D_pathway_layer	HALLMARK_APICAL_JUNCTION	t_nk	minus_log10_bh_fdr	3.40171	manuscript_interpretable_candidate	results/figures/source_data/figure4_pdac_tme_pathway_atlas_source.tsv	hallmark
D_pathway_layer	HALLMARK_EPITHELIAL_MESENCHYMAL_TRANSITION	t_nk	minus_log10_bh_fdr	2.92502	manuscript_interpretable_candidate	results/figures/source_data/figure4_pdac_tme_pathway_atlas_source.tsv	hallmark
D_pathway_layer	REACTOME_CYTOKINE_SIGNALING_IN_IMMUNE_SYSTEM	t_nk	minus_log10_bh_fdr	23.8834	manuscript_interpretable_candidate	results/figures/source_data/figure4_pdac_tme_pathway_atlas_source.tsv	reactome
D_pathway_layer	REACTOME_TCR_SIGNALING	t_nk	minus_log10_bh_fdr	9.41566	manuscript_interpretable_candidate	results/figures/source_data/figure4_pdac_tme_pathway_atlas_source.tsv	reactome
D_pathway_layer	REACTOME_INTERFERON_SIGNALING	t_nk	minus_log10_bh_fdr	8.51112	manuscript_interpretable_candidate	results/figures/source_data/figure4_pdac_tme_pathway_atlas_source.tsv	reactome
D_pathway_layer	REACTOME_CLASS_I_MHC_MEDIATED_ANTIGEN_PROCESSING_PRESENTATION	t_nk	minus_log10_bh_fdr	7.52052	manuscript_interpretable_candidate	results/figures/source_data/figure4_pdac_tme_pathway_atlas_source.tsv	reactome
D_pathway_layer	REACTOME_ANTIGEN_PROCESSING_CROSS_PRESENTATION	t_nk	minus_log10_bh_fdr	7.36812	manuscript_interpretable_candidate	results/figures/source_data/figure4_pdac_tme_pathway_atlas_source.tsv	reactome
D_pathway_layer	REACTOME_INTERFERON_ALPHA_BETA_SIGNALING	t_nk	minus_log10_bh_fdr	7.19351	manuscript_interpretable_candidate	results/figures/source_data/figure4_pdac_tme_pathway_atlas_source.tsv	reactome
D_pathway_layer	REACTOME_DOWNSTREAM_TCR_SIGNALING	t_nk	minus_log10_bh_fdr	6.18591	manuscript_interpretable_candidate	results/figures/source_data/figure4_pdac_tme_pathway_atlas_source.tsv	reactome
D_pathway_layer	REACTOME_TRANSCRIPTIONAL_REGULATION_BY_TP53	t_nk	minus_log10_bh_fdr	5.36438	manuscript_interpretable_candidate	results/figures/source_data/figure4_pdac_tme_pathway_atlas_source.tsv	reactome
D_pathway_layer	REACTOME_INTERFERON_GAMMA_SIGNALING	t_nk	minus_log10_bh_fdr	5.23722	manuscript_interpretable_candidate	results/figures/source_data/figure4_pdac_tme_pathway_atlas_source.tsv	reactome
D_pathway_layer	REACTOME_ANTIGEN_PRESENTATION_FOLDING_ASSEMBLY_AND_PEPTIDE_LOADING_OF_CLASS_I_MHC	t_nk	minus_log10_bh_fdr	4.57425	manuscript_interpretable_candidate	results/figures/source_data/figure4_pdac_tme_pathway_atlas_source.tsv	reactome
D_pathway_layer	REACTOME_APOPTOSIS	t_nk	minus_log10_bh_fdr	4.40799	manuscript_interpretable_candidate	results/figures/source_data/figure4_pdac_tme_pathway_atlas_source.tsv	reactome
D_pathway_layer	REACTOME_DDX58_IFIH1_MEDIATED_INDUCTION_OF_INTERFERON_ALPHA_BETA	t_nk	minus_log10_bh_fdr	3.59167	manuscript_interpretable_candidate	results/figures/source_data/figure4_pdac_tme_pathway_atlas_source.tsv	reactome
D_pathway_layer	REACTOME_TP53_REGULATES_METABOLIC_GENES	t_nk	minus_log10_bh_fdr	2.97091	manuscript_interpretable_candidate	results/figures/source_data/figure4_pdac_tme_pathway_atlas_source.tsv	reactome
D_pathway_layer	REACTOME_ANTIGEN_PROCESSING_UBIQUITINATION_PROTEASOME_DEGRADATION	t_nk	minus_log10_bh_fdr	2.60657	manuscript_interpretable_candidate	results/figures/source_data/figure4_pdac_tme_pathway_atlas_source.tsv	reactome
D_pathway_layer	REACTOME_CHEMOKINE_RECEPTORS_BIND_CHEMOKINES	t_nk	minus_log10_bh_fdr	2.20205	manuscript_interpretable_candidate	results/figures/source_data/figure4_pdac_tme_pathway_atlas_source.tsv	reactome
D_pathway_layer	REACTOME_REGULATION_OF_TP53_ACTIVITY	t_nk	minus_log10_bh_fdr	2.04145	manuscript_interpretable_candidate	results/figures/source_data/figure4_pdac_tme_pathway_atlas_source.tsv	reactome
D_pathway_layer	REACTOME_INTEGRIN_CELL_SURFACE_INTERACTIONS	t_nk	minus_log10_bh_fdr	1.98345	manuscript_interpretable_candidate	results/figures/source_data/figure4_pdac_tme_pathway_atlas_source.tsv	reactome
D_pathway_layer	REACTOME_INTRINSIC_PATHWAY_FOR_APOPTOSIS	t_nk	minus_log10_bh_fdr	1.85723	manuscript_interpretable_candidate	results/figures/source_data/figure4_pdac_tme_pathway_atlas_source.tsv	reactome
D_pathway_layer	REACTOME_REGULATION_OF_TP53_ACTIVITY_THROUGH_PHOSPHORYLATION	t_nk	minus_log10_bh_fdr	1.56093	manuscript_interpretable_candidate	results/figures/source_data/figure4_pdac_tme_pathway_atlas_source.tsv	reactome
D_pathway_layer	REACTOME_MHC_CLASS_II_ANTIGEN_PRESENTATION	t_nk	minus_log10_bh_fdr	1.44973	manuscript_interpretable_candidate	results/figures/source_data/figure4_pdac_tme_pathway_atlas_source.tsv	reactome
D_pathway_layer	REACTOME_ANTI_INFLAMMATORY_RESPONSE_FAVOURING_LEISHMANIA_PARASITE_INFECTION	t_nk	minus_log10_bh_fdr	1.32595	manuscript_interpretable_candidate	results/figures/source_data/figure4_pdac_tme_pathway_atlas_source.tsv	reactome
D_pathway_layer	HALLMARK_APICAL_JUNCTION	ductal_malignant_context	minus_log10_bh_fdr	5.72887	manuscript_interpretable_candidate	results/figures/source_data/figure4_pdac_tme_pathway_atlas_source.tsv	hallmark
D_pathway_layer	HALLMARK_APOPTOSIS	ductal_malignant_context	minus_log10_bh_fdr	5.57467	manuscript_interpretable_candidate	results/figures/source_data/figure4_pdac_tme_pathway_atlas_source.tsv	hallmark
D_pathway_layer	HALLMARK_EPITHELIAL_MESENCHYMAL_TRANSITION	ductal_malignant_context	minus_log10_bh_fdr	3.08716	manuscript_interpretable_candidate	results/figures/source_data/figure4_pdac_tme_pathway_atlas_source.tsv	hallmark
D_pathway_layer	HALLMARK_TNFA_SIGNALING_VIA_NFKB	ductal_malignant_context	minus_log10_bh_fdr	2.75811	manuscript_interpretable_candidate	results/figures/source_data/figure4_pdac_tme_pathway_atlas_source.tsv	hallmark
D_pathway_layer	HALLMARK_P53_PATHWAY	ductal_malignant_context	minus_log10_bh_fdr	2.61416	manuscript_interpretable_candidate	results/figures/source_data/figure4_pdac_tme_pathway_atlas_source.tsv	hallmark
D_pathway_layer	HALLMARK_HYPOXIA	ductal_malignant_context	minus_log10_bh_fdr	2.26707	manuscript_interpretable_candidate	results/figures/source_data/figure4_pdac_tme_pathway_atlas_source.tsv	hallmark
D_pathway_layer	REACTOME_EXTRACELLULAR_MATRIX_ORGANIZATION	ductal_malignant_context	minus_log10_bh_fdr	8.26883	manuscript_interpretable_candidate	results/figures/source_data/figure4_pdac_tme_pathway_atlas_source.tsv	reactome
D_pathway_layer	REACTOME_CELL_JUNCTION_ORGANIZATION	ductal_malignant_context	minus_log10_bh_fdr	6.9483	manuscript_interpretable_candidate	results/figures/source_data/figure4_pdac_tme_pathway_atlas_source.tsv	reactome
D_pathway_layer	REACTOME_NON_INTEGRIN_MEMBRANE_ECM_INTERACTIONS	ductal_malignant_context	minus_log10_bh_fdr	4.1657	manuscript_interpretable_candidate	results/figures/source_data/figure4_pdac_tme_pathway_atlas_source.tsv	reactome
D_pathway_layer	REACTOME_CELL_CELL_JUNCTION_ORGANIZATION	ductal_malignant_context	minus_log10_bh_fdr	3.94885	manuscript_interpretable_candidate	results/figures/source_data/figure4_pdac_tme_pathway_atlas_source.tsv	reactome
D_pathway_layer	REACTOME_INTEGRIN_CELL_SURFACE_INTERACTIONS	ductal_malignant_context	minus_log10_bh_fdr	3.75526	manuscript_interpretable_candidate	results/figures/source_data/figure4_pdac_tme_pathway_atlas_source.tsv	reactome
D_pathway_layer	REACTOME_TIGHT_JUNCTION_INTERACTIONS	ductal_malignant_context	minus_log10_bh_fdr	3.61806	manuscript_interpretable_candidate	results/figures/source_data/figure4_pdac_tme_pathway_atlas_source.tsv	reactome
D_pathway_layer	REACTOME_ASSEMBLY_OF_COLLAGEN_FIBRILS_AND_OTHER_MULTIMERIC_STRUCTURES	ductal_malignant_context	minus_log10_bh_fdr	2.82972	manuscript_interpretable_candidate	results/figures/source_data/figure4_pdac_tme_pathway_atlas_source.tsv	reactome
D_pathway_layer	REACTOME_COLLAGEN_FORMATION	ductal_malignant_context	minus_log10_bh_fdr	2.81785	manuscript_interpretable_candidate	results/figures/source_data/figure4_pdac_tme_pathway_atlas_source.tsv	reactome
D_pathway_layer	REACTOME_DEGRADATION_OF_THE_EXTRACELLULAR_MATRIX	ductal_malignant_context	minus_log10_bh_fdr	2.26218	manuscript_interpretable_candidate	results/figures/source_data/figure4_pdac_tme_pathway_atlas_source.tsv	reactome
D_pathway_layer	REACTOME_TURBULENT_OSCILLATORY_DISTURBED_FLOW_SHEAR_STRESS_ACTIVATES_SIGNALING_BY_PIEZO1_AND_INTEGRINS_IN_ENDOTHELIAL_CELLS	ductal_malignant_context	minus_log10_bh_fdr	1.58937	manuscript_interpretable_candidate	results/figures/source_data/figure4_pdac_tme_pathway_atlas_source.tsv	reactome
D_pathway_layer	REACTOME_APOPTOSIS	ductal_malignant_context	minus_log10_bh_fdr	1.30737	manuscript_interpretable_candidate	results/figures/source_data/figure4_pdac_tme_pathway_atlas_source.tsv	reactome
D_pathway_layer	HALLMARK_TNFA_SIGNALING_VIA_NFKB	immune_myeloid	minus_log10_bh_fdr	19.6662	manuscript_interpretable_candidate	results/figures/source_data/figure4_pdac_tme_pathway_atlas_source.tsv	hallmark
D_pathway_layer	HALLMARK_INFLAMMATORY_RESPONSE	immune_myeloid	minus_log10_bh_fdr	12.1397	manuscript_interpretable_candidate	results/figures/source_data/figure4_pdac_tme_pathway_atlas_source.tsv	hallmark
D_pathway_layer	HALLMARK_APOPTOSIS	immune_myeloid	minus_log10_bh_fdr	6.07453	manuscript_interpretable_candidate	results/figures/source_data/figure4_pdac_tme_pathway_atlas_source.tsv	hallmark
D_pathway_layer	HALLMARK_INTERFERON_GAMMA_RESPONSE	immune_myeloid	minus_log10_bh_fdr	5.33976	manuscript_interpretable_candidate	results/figures/source_data/figure4_pdac_tme_pathway_atlas_source.tsv	hallmark
D_pathway_layer	HALLMARK_P53_PATHWAY	immune_myeloid	minus_log10_bh_fdr	2.98738	manuscript_interpretable_candidate	results/figures/source_data/figure4_pdac_tme_pathway_atlas_source.tsv	hallmark
D_pathway_layer	HALLMARK_EPITHELIAL_MESENCHYMAL_TRANSITION	immune_myeloid	minus_log10_bh_fdr	2.88885	manuscript_interpretable_candidate	results/figures/source_data/figure4_pdac_tme_pathway_atlas_source.tsv	hallmark
D_pathway_layer	HALLMARK_HYPOXIA	immune_myeloid	minus_log10_bh_fdr	2.38787	manuscript_interpretable_candidate	results/figures/source_data/figure4_pdac_tme_pathway_atlas_source.tsv	hallmark
D_pathway_layer	HALLMARK_APICAL_JUNCTION	immune_myeloid	minus_log10_bh_fdr	1.78997	manuscript_interpretable_candidate	results/figures/source_data/figure4_pdac_tme_pathway_atlas_source.tsv	hallmark
D_pathway_layer	HALLMARK_ANGIOGENESIS	immune_myeloid	minus_log10_bh_fdr	1.57896	manuscript_interpretable_candidate	results/figures/source_data/figure4_pdac_tme_pathway_atlas_source.tsv	hallmark
D_pathway_layer	REACTOME_CYTOKINE_SIGNALING_IN_IMMUNE_SYSTEM	immune_myeloid	minus_log10_bh_fdr	14.7458	manuscript_interpretable_candidate	results/figures/source_data/figure4_pdac_tme_pathway_atlas_source.tsv	reactome
D_pathway_layer	REACTOME_MHC_CLASS_II_ANTIGEN_PRESENTATION	immune_myeloid	minus_log10_bh_fdr	6.02545	manuscript_interpretable_candidate	results/figures/source_data/figure4_pdac_tme_pathway_atlas_source.tsv	reactome
D_pathway_layer	REACTOME_INTERFERON_SIGNALING	immune_myeloid	minus_log10_bh_fdr	4.65865	manuscript_interpretable_candidate	results/figures/source_data/figure4_pdac_tme_pathway_atlas_source.tsv	reactome
D_pathway_layer	REACTOME_INTERFERON_GAMMA_SIGNALING	immune_myeloid	minus_log10_bh_fdr	4.44501	manuscript_interpretable_candidate	results/figures/source_data/figure4_pdac_tme_pathway_atlas_source.tsv	reactome
D_pathway_layer	REACTOME_ANTIGEN_PROCESSING_CROSS_PRESENTATION	immune_myeloid	minus_log10_bh_fdr	3.55298	manuscript_interpretable_candidate	results/figures/source_data/figure4_pdac_tme_pathway_atlas_source.tsv	reactome
D_pathway_layer	REACTOME_ANTI_INFLAMMATORY_RESPONSE_FAVOURING_LEISHMANIA_PARASITE_INFECTION	immune_myeloid	minus_log10_bh_fdr	2.58337	manuscript_interpretable_candidate	results/figures/source_data/figure4_pdac_tme_pathway_atlas_source.tsv	reactome
D_pathway_layer	REACTOME_TCR_SIGNALING	immune_myeloid	minus_log10_bh_fdr	2.23414	manuscript_interpretable_candidate	results/figures/source_data/figure4_pdac_tme_pathway_atlas_source.tsv	reactome
D_pathway_layer	REACTOME_DOWNSTREAM_TCR_SIGNALING	immune_myeloid	minus_log10_bh_fdr	2.20188	manuscript_interpretable_candidate	results/figures/source_data/figure4_pdac_tme_pathway_atlas_source.tsv	reactome
D_pathway_layer	REACTOME_CLASS_I_MHC_MEDIATED_ANTIGEN_PROCESSING_PRESENTATION	immune_myeloid	minus_log10_bh_fdr	1.74946	manuscript_interpretable_candidate	results/figures/source_data/figure4_pdac_tme_pathway_atlas_source.tsv	reactome
D_pathway_layer	REACTOME_INTEGRIN_CELL_SURFACE_INTERACTIONS	immune_myeloid	minus_log10_bh_fdr	1.66022	manuscript_interpretable_candidate	results/figures/source_data/figure4_pdac_tme_pathway_atlas_source.tsv	reactome
D_pathway_layer	REACTOME_CHEMOKINE_RECEPTORS_BIND_CHEMOKINES	immune_myeloid	minus_log10_bh_fdr	1.58705	manuscript_interpretable_candidate	results/figures/source_data/figure4_pdac_tme_pathway_atlas_source.tsv	reactome
D_pathway_layer	REACTOME_ANTIGEN_ACTIVATES_B_CELL_RECEPTOR_BCR_LEADING_TO_GENERATION_OF_SECOND_MESSENGERS	immune_myeloid	minus_log10_bh_fdr	1.46772	manuscript_interpretable_candidate	results/figures/source_data/figure4_pdac_tme_pathway_atlas_source.tsv	reactome
D_pathway_layer	REACTOME_INTERFERON_ALPHA_BETA_SIGNALING	immune_myeloid	minus_log10_bh_fdr	1.40104	manuscript_interpretable_candidate	results/figures/source_data/figure4_pdac_tme_pathway_atlas_source.tsv	reactome
D_pathway_layer	REACTOME_EXTRACELLULAR_MATRIX_ORGANIZATION	immune_myeloid	minus_log10_bh_fdr	1.32167	manuscript_interpretable_candidate	results/figures/source_data/figure4_pdac_tme_pathway_atlas_source.tsv	reactome
D_pathway_layer	REACTOME_TP53_REGULATES_TRANSCRIPTION_OF_CELL_DEATH_GENES	immune_myeloid	minus_log10_bh_fdr	1.314	manuscript_interpretable_candidate	results/figures/source_data/figure4_pdac_tme_pathway_atlas_source.tsv	reactome
D_pathway_layer	HALLMARK_TNFA_SIGNALING_VIA_NFKB	t_nk	minus_log10_bh_fdr	8.45104	manuscript_interpretable_candidate	results/figures/source_data/figure4_pdac_tme_pathway_atlas_source.tsv	hallmark
D_pathway_layer	HALLMARK_APOPTOSIS	t_nk	minus_log10_bh_fdr	6.92266	manuscript_interpretable_candidate	results/figures/source_data/figure4_pdac_tme_pathway_atlas_source.tsv	hallmark
D_pathway_layer	HALLMARK_INTERFERON_GAMMA_RESPONSE	t_nk	minus_log10_bh_fdr	5.94923	manuscript_interpretable_candidate	results/figures/source_data/figure4_pdac_tme_pathway_atlas_source.tsv	hallmark
D_pathway_layer	HALLMARK_INFLAMMATORY_RESPONSE	t_nk	minus_log10_bh_fdr	5.57467	manuscript_interpretable_candidate	results/figures/source_data/figure4_pdac_tme_pathway_atlas_source.tsv	hallmark
D_pathway_layer	HALLMARK_P53_PATHWAY	t_nk	minus_log10_bh_fdr	5.51994	manuscript_interpretable_candidate	results/figures/source_data/figure4_pdac_tme_pathway_atlas_source.tsv	hallmark
D_pathway_layer	HALLMARK_HYPOXIA	t_nk	minus_log10_bh_fdr	5.02831	manuscript_interpretable_candidate	results/figures/source_data/figure4_pdac_tme_pathway_atlas_source.tsv	hallmark
D_pathway_layer	REACTOME_CYTOKINE_SIGNALING_IN_IMMUNE_SYSTEM	t_nk	minus_log10_bh_fdr	18.9394	manuscript_interpretable_candidate	results/figures/source_data/figure4_pdac_tme_pathway_atlas_source.tsv	reactome
D_pathway_layer	REACTOME_TCR_SIGNALING	t_nk	minus_log10_bh_fdr	7.60946	manuscript_interpretable_candidate	results/figures/source_data/figure4_pdac_tme_pathway_atlas_source.tsv	reactome
D_pathway_layer	REACTOME_DOWNSTREAM_TCR_SIGNALING	t_nk	minus_log10_bh_fdr	5.20056	manuscript_interpretable_candidate	results/figures/source_data/figure4_pdac_tme_pathway_atlas_source.tsv	reactome
D_pathway_layer	REACTOME_TRANSCRIPTIONAL_REGULATION_BY_TP53	t_nk	minus_log10_bh_fdr	4.55273	manuscript_interpretable_candidate	results/figures/source_data/figure4_pdac_tme_pathway_atlas_source.tsv	reactome
D_pathway_layer	REACTOME_INTERFERON_SIGNALING	t_nk	minus_log10_bh_fdr	4.11894	manuscript_interpretable_candidate	results/figures/source_data/figure4_pdac_tme_pathway_atlas_source.tsv	reactome
D_pathway_layer	REACTOME_APOPTOSIS	t_nk	minus_log10_bh_fdr	4.08429	manuscript_interpretable_candidate	results/figures/source_data/figure4_pdac_tme_pathway_atlas_source.tsv	reactome
D_pathway_layer	REACTOME_INTERFERON_ALPHA_BETA_SIGNALING	t_nk	minus_log10_bh_fdr	4.01696	manuscript_interpretable_candidate	results/figures/source_data/figure4_pdac_tme_pathway_atlas_source.tsv	reactome
D_pathway_layer	REACTOME_DDX58_IFIH1_MEDIATED_INDUCTION_OF_INTERFERON_ALPHA_BETA	t_nk	minus_log10_bh_fdr	3.2367	manuscript_interpretable_candidate	results/figures/source_data/figure4_pdac_tme_pathway_atlas_source.tsv	reactome
D_pathway_layer	REACTOME_TP53_REGULATES_TRANSCRIPTION_OF_CELL_CYCLE_GENES	t_nk	minus_log10_bh_fdr	2.48435	manuscript_interpretable_candidate	results/figures/source_data/figure4_pdac_tme_pathway_atlas_source.tsv	reactome
D_pathway_layer	REACTOME_TP53_REGULATES_METABOLIC_GENES	t_nk	minus_log10_bh_fdr	1.95624	manuscript_interpretable_candidate	results/figures/source_data/figure4_pdac_tme_pathway_atlas_source.tsv	reactome
D_pathway_layer	REACTOME_INTERFERON_GAMMA_SIGNALING	t_nk	minus_log10_bh_fdr	1.57896	manuscript_interpretable_candidate	results/figures/source_data/figure4_pdac_tme_pathway_atlas_source.tsv	reactome
D_pathway_layer	REACTOME_CLASS_I_MHC_MEDIATED_ANTIGEN_PROCESSING_PRESENTATION	t_nk	minus_log10_bh_fdr	1.47504	manuscript_interpretable_candidate	results/figures/source_data/figure4_pdac_tme_pathway_atlas_source.tsv	reactome
D_pathway_layer	REACTOME_REGULATION_OF_TP53_ACTIVITY	t_nk	minus_log10_bh_fdr	1.46846	manuscript_interpretable_candidate	results/figures/source_data/figure4_pdac_tme_pathway_atlas_source.tsv	reactome
D_pathway_layer	HALLMARK_EPITHELIAL_MESENCHYMAL_TRANSITION	caf_fibroblast	minus_log10_bh_fdr	12.0405	manuscript_interpretable_candidate	results/figures/source_data/figure4_pdac_tme_pathway_atlas_source.tsv	hallmark
D_pathway_layer	HALLMARK_HYPOXIA	caf_fibroblast	minus_log10_bh_fdr	2.13083	manuscript_interpretable_candidate	results/figures/source_data/figure4_pdac_tme_pathway_atlas_source.tsv	hallmark
D_pathway_layer	HALLMARK_ANGIOGENESIS	caf_fibroblast	minus_log10_bh_fdr	2.12379	manuscript_interpretable_candidate	results/figures/source_data/figure4_pdac_tme_pathway_atlas_source.tsv	hallmark
D_pathway_layer	HALLMARK_APOPTOSIS	caf_fibroblast	minus_log10_bh_fdr	1.86465	manuscript_interpretable_candidate	results/figures/source_data/figure4_pdac_tme_pathway_atlas_source.tsv	hallmark
D_pathway_layer	HALLMARK_APICAL_JUNCTION	caf_fibroblast	minus_log10_bh_fdr	1.51285	manuscript_interpretable_candidate	results/figures/source_data/figure4_pdac_tme_pathway_atlas_source.tsv	hallmark
D_pathway_layer	REACTOME_EXTRACELLULAR_MATRIX_ORGANIZATION	caf_fibroblast	minus_log10_bh_fdr	11.069	manuscript_interpretable_candidate	results/figures/source_data/figure4_pdac_tme_pathway_atlas_source.tsv	reactome
D_pathway_layer	REACTOME_COLLAGEN_FORMATION	caf_fibroblast	minus_log10_bh_fdr	5.45108	manuscript_interpretable_candidate	results/figures/source_data/figure4_pdac_tme_pathway_atlas_source.tsv	reactome
D_pathway_layer	REACTOME_ASSEMBLY_OF_COLLAGEN_FIBRILS_AND_OTHER_MULTIMERIC_STRUCTURES	caf_fibroblast	minus_log10_bh_fdr	5.44041	manuscript_interpretable_candidate	results/figures/source_data/figure4_pdac_tme_pathway_atlas_source.tsv	reactome
D_pathway_layer	REACTOME_INTEGRIN_CELL_SURFACE_INTERACTIONS	caf_fibroblast	minus_log10_bh_fdr	5.11747	manuscript_interpretable_candidate	results/figures/source_data/figure4_pdac_tme_pathway_atlas_source.tsv	reactome
D_pathway_layer	REACTOME_DEGRADATION_OF_THE_EXTRACELLULAR_MATRIX	caf_fibroblast	minus_log10_bh_fdr	4.80391	manuscript_interpretable_candidate	results/figures/source_data/figure4_pdac_tme_pathway_atlas_source.tsv	reactome
D_pathway_layer	REACTOME_COLLAGEN_BIOSYNTHESIS_AND_MODIFYING_ENZYMES	caf_fibroblast	minus_log10_bh_fdr	3.8601	manuscript_interpretable_candidate	results/figures/source_data/figure4_pdac_tme_pathway_atlas_source.tsv	reactome
D_pathway_layer	REACTOME_COLLAGEN_DEGRADATION	caf_fibroblast	minus_log10_bh_fdr	3.34686	manuscript_interpretable_candidate	results/figures/source_data/figure4_pdac_tme_pathway_atlas_source.tsv	reactome
D_pathway_layer	REACTOME_NON_INTEGRIN_MEMBRANE_ECM_INTERACTIONS	caf_fibroblast	minus_log10_bh_fdr	3.12579	manuscript_interpretable_candidate	results/figures/source_data/figure4_pdac_tme_pathway_atlas_source.tsv	reactome
D_pathway_layer	REACTOME_COLLAGEN_CHAIN_TRIMERIZATION	caf_fibroblast	minus_log10_bh_fdr	2.88714	manuscript_interpretable_candidate	results/figures/source_data/figure4_pdac_tme_pathway_atlas_source.tsv	reactome
D_pathway_layer	REACTOME_APOPTOSIS	caf_fibroblast	minus_log10_bh_fdr	1.4913	manuscript_interpretable_candidate	results/figures/source_data/figure4_pdac_tme_pathway_atlas_source.tsv	reactome
E_atlas_marker_overlap	pdac_gse154778_C0	ductal/malignant-context	overlap_n	7	supported	results/pdac_tme/pathway_atlas_validation/pdac_atlas_marker_citation_mapping.tsv	Peng et al., Cell Research 2019
E_atlas_marker_overlap	pdac_gse154778_C1	ductal/malignant-context	overlap_n	3	supported	results/pdac_tme/pathway_atlas_validation/pdac_atlas_marker_citation_mapping.tsv	Peng et al., Cell Research 2019
E_atlas_marker_overlap	pdac_gse154778_C2	ductal/malignant-context	overlap_n	0	weak_or_not_detected	results/pdac_tme/pathway_atlas_validation/pdac_atlas_marker_citation_mapping.tsv	Peng et al., Cell Research 2019
E_atlas_marker_overlap	pdac_gse154778_C3	myeloid/macrophage	overlap_n	10	supported	results/pdac_tme/pathway_atlas_validation/pdac_atlas_marker_citation_mapping.tsv	Peng et al., Cell Research 2019
E_atlas_marker_overlap	pdac_gse154778_C4	ductal/malignant-context	overlap_n	1	weak_or_not_detected	results/pdac_tme/pathway_atlas_validation/pdac_atlas_marker_citation_mapping.tsv	Peng et al., Cell Research 2019
E_atlas_marker_overlap	pdac_gse263733_C0	T/NK cell	overlap_n	9	supported	results/pdac_tme/pathway_atlas_validation/pdac_atlas_marker_citation_mapping.tsv	Oh et al., Nature Communications 2023
E_atlas_marker_overlap	pdac_gse263733_C1	ductal/malignant-context	overlap_n	8	supported	results/pdac_tme/pathway_atlas_validation/pdac_atlas_marker_citation_mapping.tsv	Peng et al., Cell Research 2019
E_atlas_marker_overlap	pdac_gse263733_C2	myeloid/macrophage	overlap_n	10	supported	results/pdac_tme/pathway_atlas_validation/pdac_atlas_marker_citation_mapping.tsv	Peng et al., Cell Research 2019
E_atlas_marker_overlap	pdac_gse263733_C3	T/NK cell	overlap_n	5	supported	results/pdac_tme/pathway_atlas_validation/pdac_atlas_marker_citation_mapping.tsv	Oh et al., Nature Communications 2023
F_stability_boundary	pdac_gse154778	RMTGuard	mean_pairwise_ari	0.619358	rmtguard	results/manuscript_stability_benchmarks/pdac_gse154778_stability_summary.tsv;results/manuscript_stability_benchmarks/pdac_gse263733_stability_summary.tsv	Context only; not a stability-superiority claim.
F_stability_boundary	pdac_gse154778	"best baseline
scanpy_default_like"	mean_pairwise_ari	0.792964	baseline	results/manuscript_stability_benchmarks/pdac_gse154778_stability_summary.tsv;results/manuscript_stability_benchmarks/pdac_gse263733_stability_summary.tsv	Context only; not a stability-superiority claim.
F_stability_boundary	pdac_gse263733	RMTGuard	mean_pairwise_ari	0.704197	rmtguard	results/manuscript_stability_benchmarks/pdac_gse154778_stability_summary.tsv;results/manuscript_stability_benchmarks/pdac_gse263733_stability_summary.tsv	Context only; not a stability-superiority claim.
F_stability_boundary	pdac_gse263733	"best baseline
scanpy_default_like"	mean_pairwise_ari	0.785348	baseline	results/manuscript_stability_benchmarks/pdac_gse154778_stability_summary.tsv;results/manuscript_stability_benchmarks/pdac_gse263733_stability_summary.tsv	Context only; not a stability-superiority claim.
